Category,Keyword,Web_Page_URL,Tweet_Website,Author_Name,Author_Web_Page_URL,Tweet_Timestamp,Tweet_Content,Tweet_Image_URL,Tweet_Number_of_Likes,Tweet_Number_of_Retweets,Tweet_Number_of_Reviews
Top,#ProIsrael until:2023-10-14 since:2023-10-07,https://twitter.com/search?q=%23ProIsrael%20until%3A2023-10-14%20since%3A2023-10-07&src=typed_query&f=top,https://twitter.com/RyanAFournier/status/1711406329489674733,Ryan Fournier,https://twitter.com/RyanAFournier,Oct 9,"This is Hamas. These are the people that these ""Pro-Palestinian"" groups are supporting.Watch as they kidnap one individual, and execute the other as he lay helpless.If you support this, YOU support terrorism.RT if you STAND with Israel! #ProIsrael",https://pbs.twimg.com/ext_tw_video_thumb/1711405970796990464/pu/img/SFkqXUMBJjHrrYKu.jpg,802,640,102
Top,#ProIsrael until:2023-10-14 since:2023-10-07,https://twitter.com/search?q=%23ProIsrael%20until%3A2023-10-14%20since%3A2023-10-07&src=typed_query&f=top,https://twitter.com/RyanAFournier/status/1711175824156557550,Ryan Fournier,https://twitter.com/RyanAFournier,Oct 9,"Palestinian and Israeli protesters are currently clashing near Seattle, WA.It’s beyond me how you could watch the footage coming out of Israel and be like, “yea I support the terrorists.”  #ProIsrael",https://pbs.twimg.com/amplify_video_thumb/1711175703666794496/img/urblwKFujoTASfEX.jpg,746,311,129
Top,#ProIsrael until:2023-10-14 since:2023-10-07,https://twitter.com/search?q=%23ProIsrael%20until%3A2023-10-14%20since%3A2023-10-07&src=typed_query&f=top,https://twitter.com/PuckNews/status/1717572796711043076/analytics,Puck,https://twitter.com/PuckNews,,"A conversation with , the chief U.S. negotiator in the 2000 peace talks, about why they fell apart, how Israelis came to believe that the Palestinian problem could be managed, and how Oct. 7 exploded that fiction.New, from .",https://pbs.twimg.com/media/F9YKQK3WgAA9Wau?format=jpg&name=small,286,129,22
Top,#ProIsrael until:2023-10-14 since:2023-10-07,https://twitter.com/search?q=%23ProIsrael%20until%3A2023-10-14%20since%3A2023-10-07&src=typed_query&f=top,https://twitter.com/TomBurchett/status/1711187582498009369, TomBurchett ,https://twitter.com/TomBurchett,Oct 9,Thanks 4 the seat Biker Girl Followed all & RT'd#IFBAP#TRUMP2024#FJB----------#ProIsrael#DestroyHammas,https://pbs.twimg.com/media/F79b_KfaAAAkgDO?format=jpg&name=small,33,11,
Top,#ProIsrael until:2023-10-14 since:2023-10-07,https://twitter.com/search?q=%23ProIsrael%20until%3A2023-10-14%20since%3A2023-10-07&src=typed_query&f=top,https://twitter.com/RyanAFournier/status/1711418873608577024,Ryan Fournier,https://twitter.com/RyanAFournier,Oct 9,"Israel is a beacon of hope and a deterrent to stop radical Islamic terrorism from coming to the West.I 100% stand with Israel, its people and its sovereignty.Hamas must be destroyed once and for all. #ProIsrael #StandWithIsrael",,291,61,34
Top,#ProIsrael until:2023-10-14 since:2023-10-07,https://twitter.com/search?q=%23ProIsrael%20until%3A2023-10-14%20since%3A2023-10-07&src=typed_query&f=top,https://twitter.com/Americaonward88/status/1710783265710186695,Countryfirst,https://twitter.com/Americaonward88,Oct 7Oct 7,"Wish we still had some of that Zelensky money we could send them....#ProIsraelA long line of Israeli tanks is heading to Gaza to make it a crater. The ground invasion of Gaza is starting. It's time to stand up to this destruction and pure terror. Where is the US support, Joe?",https://pbs.twimg.com/ext_tw_video_thumb/1710747702332420096/pu/img/mA1_qaqmaFnxtnI7.jpg,1,,
Top,#ProIsrael until:2023-10-14 since:2023-10-07,https://twitter.com/search?q=%23ProIsrael%20until%3A2023-10-14%20since%3A2023-10-07&src=typed_query&f=top,https://twitter.com/bagels4ever/status/1711108616214769784,everythingbagel ,https://twitter.com/bagels4ever,Oct 8,I think it’s hilarious that people are mad that Jewish celebrities are saying #proisrael. would I think Bella Hadid would say pro Israel… of course not. People are so stupid.,,3,,1
Top,#ProIsrael until:2023-10-14 since:2023-10-07,https://twitter.com/search?q=%23ProIsrael%20until%3A2023-10-14%20since%3A2023-10-07&src=typed_query&f=top,https://twitter.com/DenisonForum/status/1721865079250137490/analytics,Denison Forum: News Discerned Differently,https://twitter.com/DenisonForum,,Antisemitic incidents in the US rose about 400 percent in the two weeks after Hamas’s atrocities. Nowhere has opposition to #Israel been more evident than on America’s college campuses. Why is this happening?,https://pbs.twimg.com/media/F-VKEEZWUAA3-Be?format=jpg&name=small,58,15,38
Top,#ProIsrael until:2023-10-14 since:2023-10-07,https://twitter.com/search?q=%23ProIsrael%20until%3A2023-10-14%20since%3A2023-10-07&src=typed_query&f=top,https://twitter.com/Liana_tseitin/status/1712411320551616731,Liana,https://twitter.com/Liana_tseitin,Oct 12,Can’t find the original but this kills me frfr#istandwithisrael#israel #proisrael#HamasISIS,https://pbs.twimg.com/ext_tw_video_thumb/1712411280722550784/pu/img/8gcCcJ2NRe3S4vwS.jpg,19,2,
Top,#ProIsrael until:2023-10-14 since:2023-10-07,https://twitter.com/search?q=%23ProIsrael%20until%3A2023-10-14%20since%3A2023-10-07&src=typed_query&f=top,https://twitter.com/japesch/status/1711427618078089250,Julie Pesch,https://twitter.com/japesch,Oct 9,I so preferred the Taylor Swift Travis Kelce story a week ago to the sadness and fear of today's news.  #ProIsrael,,3,,
Top,#ProIsrael until:2023-10-14 since:2023-10-07,https://twitter.com/search?q=%23ProIsrael%20until%3A2023-10-14%20since%3A2023-10-07&src=typed_query&f=top,https://twitter.com/Built2Sleep/status/1712155903271563407,Mr.GreenEconomy ,https://twitter.com/Built2Sleep,Oct 11Oct 11,"There are many reports from good and bad sources. Please be aware that #ProIsrael and #AntiIsrael propaganda being spread by many hostile parties.There’s currently no evidence Hezbollah has joined the war or that the sirens in northern Israel are from an attack by them. Take note that there are thousands of Palestinian militants from Hamas, PIJ, PFLP-GC etc. that live and operate in Lebanon and Syria.",https://pbs.twimg.com/profile_images/1150226671796203521/fQ7-nIj-_mini.png,,,
Top,#ProIsrael until:2023-10-14 since:2023-10-07,https://twitter.com/search?q=%23ProIsrael%20until%3A2023-10-14%20since%3A2023-10-07&src=typed_query&f=top,https://twitter.com/savedgirl316/status/1711777831133622403,savedgirl316,https://twitter.com/savedgirl316,Oct 10,#BoycottLUSHBOYCOTT  !!!!#IStandWithIsrael #ProIsrael #StopFundingTerrorism#StopFundingHamas#StopAntiSemitism#PrayForIsrael #PrayForThePeaceOfJerusalem#Israel ,https://pbs.twimg.com/media/F8F0J8Oa8AAnc57?format=jpg&name=900x900,11,6,1
Top,#ProIsrael until:2023-10-14 since:2023-10-07,https://twitter.com/search?q=%23ProIsrael%20until%3A2023-10-14%20since%3A2023-10-07&src=typed_query&f=top,https://twitter.com/meforum/status/1719814453556916620/analytics,Middle East Forum,https://twitter.com/meforum,,"Cities and universities throughout the nation have witnessed what the media insists on calling ""pro-Palestine rallies."" But you won’t find any calls for Palestinian statehood, only hostility to Israel. From A.J. Caschetta.",https://pbs.twimg.com/card_img/1721973376086925313/Sbbg_3Ze?format=jpg&name=small,100,29,44
Top,#ProIsrael until:2023-10-14 since:2023-10-07,https://twitter.com/search?q=%23ProIsrael%20until%3A2023-10-14%20since%3A2023-10-07&src=typed_query&f=top,https://twitter.com/DovorahDovorah1/status/1712829952393871427,Dvorah,https://twitter.com/DovorahDovorah1,Oct 13,"WOW!  is censoring a LOT of #ProIsrael accounts, patriotic tweets! What the hell  ?",,,,
Top,#ProIsrael until:2023-10-14 since:2023-10-07,https://twitter.com/search?q=%23ProIsrael%20until%3A2023-10-14%20since%3A2023-10-07&src=typed_query&f=top,https://twitter.com/learning38/status/1711959133505699883,Sara,https://twitter.com/learning38,Oct 11,I love and support Israel!  Israel will never stop existing!  #Israel #IsraelFightsBack #proisrael,,,1,
Top,#ProIsrael until:2023-10-14 since:2023-10-07,https://twitter.com/search?q=%23ProIsrael%20until%3A2023-10-14%20since%3A2023-10-07&src=typed_query&f=top,https://twitter.com/danishrasheed23/status/1712941301715624425,DR,https://twitter.com/danishrasheed23,Oct 13,"ProblemReactionSolution With #Hamas action, #Israel got the justification to eliminate the remaining #Palestine.#Hamas is #ProPalestine or #ProIsrael ?",,,,
Top,#ProIsrael until:2023-10-14 since:2023-10-07,https://twitter.com/search?q=%23ProIsrael%20until%3A2023-10-14%20since%3A2023-10-07&src=typed_query&f=top,https://twitter.com/salcheikhh/status/1711527033187254684,Sara Cheikh,https://twitter.com/salcheikhh,Oct 9,"Australia's overtly #proIsrael stance and its perspective on the #Palestinian #resistance undeniably echo a history marred by #racism, #colonisation, and #Islamophobia.",,,,1
Top,#ProIsrael until:2023-10-14 since:2023-10-07,https://twitter.com/search?q=%23ProIsrael%20until%3A2023-10-14%20since%3A2023-10-07&src=typed_query&f=top,https://twitter.com/wayntv1/status/1711185396745359797,wayntv,https://twitter.com/wayntv1,Oct 9,#PostTrib  yet hoping to be wrong#PreMil#ProIsrael,,1,,
Top,#ProIsrael until:2023-10-14 since:2023-10-07,https://twitter.com/search?q=%23ProIsrael%20until%3A2023-10-14%20since%3A2023-10-07&src=typed_query&f=top,https://twitter.com/erguncaner/status/1710838418391900300,Dr. Ergun Caner,https://twitter.com/erguncaner,Oct 8,Just in case it wasn’t clear…#PreTrib#PreMill#ProIsrael-Genesis 12:3,https://pbs.twimg.com/media/F74eeSLW0AA35dh?format=jpg&name=small,88,14,5
Top,#ProIsrael until:2023-10-14 since:2023-10-07,https://twitter.com/search?q=%23ProIsrael%20until%3A2023-10-14%20since%3A2023-10-07&src=typed_query&f=top,https://twitter.com/Insipid80/status/1712927771155194363,Bushra-,https://twitter.com/Insipid80,Oct 13,"It may sound crude, yet #IsraelPalestineWar is proving you can either be 100% #ProIsrael & #antihumanity or 100% #ProPalestine #forhumanity, you can't be anything in between, buts, ifs have ceased to matter.",,,,
Top,#ProIsrael until:2023-10-14 since:2023-10-07,https://twitter.com/search?q=%23ProIsrael%20until%3A2023-10-14%20since%3A2023-10-07&src=typed_query&f=top,https://twitter.com/DrShea_DC/status/1711377376704172357,Shea Bradley-Farrell,https://twitter.com/DrShea_DC,Oct 9,An honor to speak today at the #ProIsrael conference in #Budapest in solidarity with our Israeli friends. We  stand solidly behind #Israel and their right to self-defense.    Thank you ,https://pbs.twimg.com/media/F8AIpZ6XgAAdAYs?format=jpg&name=small,37,15,5
Top,#ProIsrael until:2023-10-14 since:2023-10-07,https://twitter.com/search?q=%23ProIsrael%20until%3A2023-10-14%20since%3A2023-10-07&src=typed_query&f=top,https://twitter.com/CKGMJG777/status/1712478981193371962,CKGMJG,https://twitter.com/CKGMJG777,Oct 12,That’s what I’m saying. Benjamin Netanyahu said leave or die. They all got a big warning unlike the Israelis. #ProIsrael #ProPeace #America1st,,18,2,2
Top,#ProIsrael until:2023-10-14 since:2023-10-07,https://twitter.com/search?q=%23ProIsrael%20until%3A2023-10-14%20since%3A2023-10-07&src=typed_query&f=top,https://twitter.com/khaldsx885/status/1712209308845281415,K.o.K,https://twitter.com/khaldsx885,Oct 11,#neogaf  is #proterrorism #ProIsrael  no wonder it's scandalous every 3 months,,1,,
Top,#ProIsrael until:2023-10-14 since:2023-10-07,https://twitter.com/search?q=%23ProIsrael%20until%3A2023-10-14%20since%3A2023-10-07&src=typed_query&f=top,https://twitter.com/danishrasheed23/status/1712940905278410875,DR,https://twitter.com/danishrasheed23,Oct 13,"ProblemReactionSolution With #Hamas action, #Israel got the justification to eliminate the remaining #Palestine.#Hamas is pro #ProPalestine or #ProIsrael ?",,12,2,2
Top,#ProIsrael until:2023-10-14 since:2023-10-07,https://twitter.com/search?q=%23ProIsrael%20until%3A2023-10-14%20since%3A2023-10-07&src=typed_query&f=top,https://twitter.com/FCambelett80918/status/1712477910047822267,Frank Cambeletta,https://twitter.com/FCambelett80918,Oct 12,"#Israel do not let up, there is no peace until #hamas is eradicated! They are cowards. These are war crimes. Wipe the filth that is #hamas from the earth. #proisrael the west is weak. Do not listen to #biden",,,,
Top,#ProIsrael until:2023-10-14 since:2023-10-07,https://twitter.com/search?q=%23ProIsrael%20until%3A2023-10-14%20since%3A2023-10-07&src=typed_query&f=top,https://twitter.com/MicPopo1/status/1711080344819040349,Jonah,https://twitter.com/MicPopo1,Oct 8,Some Trump supporters should hold a #ProIsrael #Protest in support for #Israel for this #IsraelPalestineWar #IStandWithIsrael. Maybe in Florida or any Red States.,,1,,
Top,#ProIsrael until:2023-10-14 since:2023-10-07,https://twitter.com/search?q=%23ProIsrael%20until%3A2023-10-14%20since%3A2023-10-07&src=typed_query&f=top,https://twitter.com/benreiss/status/1711583153343852687,Ben Reiss,https://twitter.com/benreiss,Oct 10,I was at the #ProIsrael rally in Beverly Hills. Dem Socialists and BDS were too scared to counter program in our city. ,https://pbs.twimg.com/media/F8DDzbOb0AA0n_6?format=jpg&name=small,57,4,2
Top,#ProIsrael until:2023-10-14 since:2023-10-07,https://twitter.com/search?q=%23ProIsrael%20until%3A2023-10-14%20since%3A2023-10-07&src=typed_query&f=top,https://twitter.com/ReverendGO/status/1711740188555084143,ReverendGO & Battle League Journal,https://twitter.com/ReverendGO,Oct 10,Being #ProJewish doesn't automatically make you #ProIsrael any more than being #ProCatholic makes you #ProItaly. Being Jewish just makes you #ProGod (the hyphen goofs up the hashtag) and #ProHuman (and #ProPokemon). #ChooseLife #ChooseLove,,1,,
Top,#ProIsrael until:2023-10-14 since:2023-10-07,https://twitter.com/search?q=%23ProIsrael%20until%3A2023-10-14%20since%3A2023-10-07&src=typed_query&f=top,https://twitter.com/JNS_org/status/1711218677381509419/analytics,Jewish News Syndicate,https://twitter.com/JNS_org,,"What happened, and how can this war end with an Israeli victory?",https://pbs.twimg.com/amplify_video_thumb/1711215570731900928/img/DdYkHoDLHtp5Q5BV.jpg,184,56,127
Top,#ProIsrael until:2023-10-14 since:2023-10-07,https://twitter.com/search?q=%23ProIsrael%20until%3A2023-10-14%20since%3A2023-10-07&src=typed_query&f=top,https://twitter.com/asolatn23/status/1712882918341951628,persian_sultan,https://twitter.com/asolatn23,Oct 13,"The leaders of Hamas flying private jets, but on a day of rage. Well, innocent Palestinians and Israelis are dying in the thousands.  You can be pro Palestinian and denounce Hamas. #proIsrael #proPalestine #fuckhamas",https://pbs.twimg.com/media/F8Vh72ubgAAh0pB?format=jpg&name=small,12,5,4
Top,#ProIsrael until:2023-10-14 since:2023-10-07,https://twitter.com/search?q=%23ProIsrael%20until%3A2023-10-14%20since%3A2023-10-07&src=typed_query&f=top,https://twitter.com/mosayk28/status/1712971349549846650,Lubna,https://twitter.com/mosayk28,Oct 13,You are no Executive to meif one sided #ProIsrael But a person in suit slave to a fake ideology or ideologies #ManyWouldAgree,,,,1
Top,#ProIsrael until:2023-10-14 since:2023-10-07,https://twitter.com/search?q=%23ProIsrael%20until%3A2023-10-14%20since%3A2023-10-07&src=typed_query&f=top,https://twitter.com/GeoNeil/status/1712753952654037310,Neil Young,https://twitter.com/GeoNeil,Oct 13,"Hamas did this and many more Palestinian people will suffer for it.  Israel needs a change in leadership and Hamas needs to go for there to be any hope of peace, something which neither side want. #ProPalestine #ProIsrael #AntiHamas #AntiLikud",,,,
Top,#ProIsrael until:2023-10-14 since:2023-10-07,https://twitter.com/search?q=%23ProIsrael%20until%3A2023-10-14%20since%3A2023-10-07&src=typed_query&f=top,https://twitter.com/DrMichaelOren/status/1711992674436424102,Michael Oren,https://twitter.com/DrMichaelOren,Oct 11,"Anderson Cooper, CNN, and I discuss Biden's speech pro-Israel and the Israel's war with Hamas #israel #israelwar #cnn #andersoncooper #biden #proisrael  ",,19,4,4
Top,#ProIsrael until:2023-10-14 since:2023-10-07,https://twitter.com/search?q=%23ProIsrael%20until%3A2023-10-14%20since%3A2023-10-07&src=typed_query&f=top,https://twitter.com/CounterpointDC/status/1711398059446346235,Counterpoint Institute,https://twitter.com/CounterpointDC,Oct 9,"“I, and Counterpoint Institute stand solidly behind our friend and ally #Israel. Israel has the full right to self defense. God bless the sovereign nation of Israel.” statement at the International #ProIsrael Conference today in #Budapest …",https://pbs.twimg.com/media/F8AbdMHXMAAaKyM?format=jpg&name=small;https://pbs.twimg.com/media/F8AbdMEWcAAGqVp?format=jpg&name=360x360;https://pbs.twimg.com/media/F8AbdMFXgAAWkFh?format=jpg&name=small,18,6,
Top,#ProIsrael until:2023-10-14 since:2023-10-07,https://twitter.com/search?q=%23ProIsrael%20until%3A2023-10-14%20since%3A2023-10-07&src=typed_query&f=top,https://twitter.com/KaneKanester3/status/1712889781674459399,Lisa Kane,https://twitter.com/KaneKanester3,Oct 13,House of Faith Ministries (HoFM) updated A Quick Moment With God with today's prayer and scripture. #hofm #hofmhouseoffaithministries #houseoffaithministrieshofm #aquickmomentwithgod #ProIsrael,https://pbs.twimg.com/card_img/1721182419653373952/yIP1vnQM?format=jpg&name=240x240,1,,
Top,#ProIsrael until:2023-10-14 since:2023-10-07,https://twitter.com/search?q=%23ProIsrael%20until%3A2023-10-14%20since%3A2023-10-07&src=typed_query&f=top,https://twitter.com/PhotoTelegram/status/1711166903329095860,PhotoTelegram,https://twitter.com/PhotoTelegram,Oct 8,"#Palestinian supporters, #ProIsrael counter-protestors rally in protest #Manhattan",,,,
Top,#ProIsrael until:2023-10-14 since:2023-10-07,https://twitter.com/search?q=%23ProIsrael%20until%3A2023-10-14%20since%3A2023-10-07&src=typed_query&f=top,https://twitter.com/PuckNews/status/1715092955885981812/analytics,Puck,https://twitter.com/PuckNews,,Why is aid to Ukraine and aid to Israel different in the minds of Republicans? delves into the the Israel-Ukraine funding conundrum.,https://pbs.twimg.com/media/F806kkVXQAAH1OF?format=jpg&name=small,790,275,501
Top,#ProIsrael until:2023-10-14 since:2023-10-07,https://twitter.com/search?q=%23ProIsrael%20until%3A2023-10-14%20since%3A2023-10-07&src=typed_query&f=top,https://twitter.com/unDawn_ted/status/1712674903651205451,Undawnted,https://twitter.com/unDawn_ted,Oct 13,I will leave you with the song of the night... who is pulling your strings? Do you know? #followthemoney #song #prohamas #IsraelPalestineConflict #IsraelFightsBack #ProIsrael,https://pbs.twimg.com/card_img/1721821516068007936/b__e6aU1?format=jpg&name=240x240,2,,
Top,#ProIsrael until:2023-10-14 since:2023-10-07,https://twitter.com/search?q=%23ProIsrael%20until%3A2023-10-14%20since%3A2023-10-07&src=typed_query&f=top,https://twitter.com/ESugarloaf/status/1712284225670443010,Emily Sugarloaf,https://twitter.com/ESugarloaf,Oct 12Oct 10,"This is the most comprehensive & easy-to-understand explanation I've seen. I strongly urge everyone to read it, even if you don't agree with what's being expressed.#ProIsrael #ProPalestine #FactsMatterPeople ask me all the time if I am ""pro-Israel"" because I am a Jew who has lived in Israel, and my answer is that being ""pro-Israel"" or being ""pro-Palestine"" or being a ""Zionist"" does not properly capture the nuance of thought most people do or should have about this issue. It…",https://pbs.twimg.com/profile_images/1358764777988841474/i6-NfAT9_mini.jpg,2,,
Top,#ProIsrael until:2023-10-14 since:2023-10-07,https://twitter.com/search?q=%23ProIsrael%20until%3A2023-10-14%20since%3A2023-10-07&src=typed_query&f=top,https://twitter.com/JanettIsabel/status/1712475293078995048,Janett I. Cordovés,https://twitter.com/JanettIsabel,Oct 12,Hamas Brutality Illuminates College Officialdom’s Broken Moral Compass  #highered #whereareyourstatements #silencecondones #proisrael #propalestine #propeace,https://pbs.twimg.com/card_img/1719862188632940544/O8IiVHnQ?format=png&name=small,,,
Top,#ProIsrael until:2023-10-14 since:2023-10-07,https://twitter.com/search?q=%23ProIsrael%20until%3A2023-10-14%20since%3A2023-10-07&src=typed_query&f=top,https://twitter.com/bean_wagon_69/status/1712672203630657755,bean wagon,https://twitter.com/bean_wagon_69,Oct 13,Yooo #JadaPinkett BALD ASS nigga sucks and why tf she #Trending Tupac dodge that one. #WillSmith still the GOAT #iamlegend #proIsrael #fuckHAMAS,,1,,
Top,#ProIsrael until:2023-10-14 since:2023-10-07,https://twitter.com/search?q=%23ProIsrael%20until%3A2023-10-14%20since%3A2023-10-07&src=typed_query&f=top,https://twitter.com/1jbirdx/status/1712191170258895254,J-Bird,https://twitter.com/1jbirdx,Oct 11,It is quite #heartbreaking and #infuriating seeing #Whitepeople dividing themselves into #proIsrael and #proPalestine groups.The reality is: neither group cares about our people; our suffering and our displacement in our own lands.While both the #US and #UK consider #Israel,,,,1
Top,#ProIsrael until:2023-10-14 since:2023-10-07,https://twitter.com/search?q=%23ProIsrael%20until%3A2023-10-14%20since%3A2023-10-07&src=typed_query&f=top,https://twitter.com/itsredtjr/status/1712890030094467438,Ricky Thomas,https://twitter.com/itsredtjr,Oct 13,"Many are #ProHamas and yet what they fail to understand is that regime wants them dead too. They want the West dead. Europe, America, Israel, South America. Your ideology does not align with theirs so you are trash. Understand and Look people! #ProIsrael #DayofJihad #DayofRage",,,,
Top,#ProIsrael until:2023-10-14 since:2023-10-07,https://twitter.com/search?q=%23ProIsrael%20until%3A2023-10-14%20since%3A2023-10-07&src=typed_query&f=top,https://twitter.com/snowcreekai/status/1711437896853410141,L. Rōen Prowe,https://twitter.com/snowcreekai,Oct 9Oct 9,"If you thought her bid to censor #RFKJr was bad...Let's check 's #ProIsrael stance here. Sounds like good reasoning..Celebrate #Indigenous people but ignore #Palestinian #civilians  ?Bide your time Ma'am you are out in 2026.On #IndigenousPeoplesDay, we honor the vibrant cultures, traditions, and resilience of Native communities that shaped our country.We recommit to fighting for prosperity and justice for Indigenous people — today and every day.",https://pbs.twimg.com/profile_images/1609940943330762759/vycKWrOM_mini.jpg,,,
Top,#ProIsrael until:2023-10-14 since:2023-10-07,https://twitter.com/search?q=%23ProIsrael%20until%3A2023-10-14%20since%3A2023-10-07&src=typed_query&f=top,https://twitter.com/epacana5/status/1711920488044499015,EPACANA5,https://twitter.com/epacana5,Oct 11,"how can people support Hamas  one of my relatives (second cousin) was trying to defend people in this kibootz (camp) and was kidnapped, him and his girlfriend, we don't know if he's alive still but I'm praying #isreal #ProIsrael (deleting in 24hrs)",https://pbs.twimg.com/card_img/1721919512533164032/l6jtyQNn?format=jpg&name=240x240,,,
Top,#ProIsrael until:2023-10-14 since:2023-10-07,https://twitter.com/search?q=%23ProIsrael%20until%3A2023-10-14%20since%3A2023-10-07&src=typed_query&f=top,https://twitter.com/GPfalzbot/status/1712666022568927242,Gary Pfalzbot,https://twitter.com/GPfalzbot,Oct 13,Watching the Gaza skyline live feeds and pondering the odds the the ayatollah Khomenei hasn’t watched too and issued an edict to his nuclear developers to “step it up people!”#proisrael #proUSA,,,,
Top,#ProIsrael until:2023-10-14 since:2023-10-07,https://twitter.com/search?q=%23ProIsrael%20until%3A2023-10-14%20since%3A2023-10-07&src=typed_query&f=top,https://twitter.com/joshkezer/status/1711457826600522109,Josh Kezer,https://twitter.com/joshkezer,Oct 9Oct 9,"Outside of the f bombs, amen. #proIsrael #prayforIsraelNBA legend Amare Stoudemire with a message to the world after witnessing Hamas’s cowardly crimes. “For all y’all Black Lives Matter who ain’t saying nothing or ‘let me figure out exactly what happened before I say anything,’ Fuck you. Figure out what? it ain’t never been cool…",https://pbs.twimg.com/ext_tw_video_thumb/1711391454327664640/pu/img/0Y60mO2Bbuv5OJPz.jpg,1,,
Top,#ProIsrael until:2023-10-14 since:2023-10-07,https://twitter.com/search?q=%23ProIsrael%20until%3A2023-10-14%20since%3A2023-10-07&src=typed_query&f=top,https://twitter.com/BakerCo_Curahee/status/1712631506458329248,Joseph Franklin,https://twitter.com/BakerCo_Curahee,Oct 13,"The left didn't have heroes to stand behind, only murdering martyrs that support Hamas and claim they stand for Palestine. I stand with Israel for I am #ProIsrael!",https://pbs.twimg.com/media/F8R9R4IXcAA_NvD?format=jpg&name=900x900,41,1,1
Top,#ProIsrael until:2023-10-14 since:2023-10-07,https://twitter.com/search?q=%23ProIsrael%20until%3A2023-10-14%20since%3A2023-10-07&src=typed_query&f=top,https://twitter.com/AlisterRich_UTD/status/1712724252703797653,Richmond Alister Kharkongor,https://twitter.com/AlisterRich_UTD,Oct 13,"Hamas is ISIS,stop using innocent Palestinian civilians both women, children,infant & toddlers as your ""shield of excuses & crocodile tears""  Hamas = Pot Kettle Black.#WeStandWithIsrael #IsraelFightsBack #TerroristHamas #Israel #IsraelPalestineConflict #ProIsrael",https://pbs.twimg.com/ext_tw_video_thumb/1712723917205651456/pu/img/q1j_VAE_QXkr8pdK.jpg,5,,1
Top,#ProIsrael until:2023-10-14 since:2023-10-07,https://twitter.com/search?q=%23ProIsrael%20until%3A2023-10-14%20since%3A2023-10-07&src=typed_query&f=top,https://twitter.com/TheQuint/status/1711372758406648292,The Quint,https://twitter.com/TheQuint,Oct 9,"Protest and counter-protest: Demonstrations by #proPalestine and #proIsrael protesters at New York City's #TimesSquare on Sunday, on opposite sides of the street",https://pbs.twimg.com/amplify_video_thumb/1711372270403538944/img/cqnCjvxxfHfs9FqS.jpg,11,3,1
Top,#ProIsrael until:2023-10-14 since:2023-10-07,https://twitter.com/search?q=%23ProIsrael%20until%3A2023-10-14%20since%3A2023-10-07&src=typed_query&f=top,https://twitter.com/l_backagain/status/1712519963729154296,Backagain l,https://twitter.com/l_backagain,Oct 12,"My blood is boiling at the world’s collective amnesia, the conflict did not begin yesterday. Israel single handedly ended world peace on 10.05.2021. #proisrael #Israel_under_attack #IsraelAtWar #IsraelFightsTerror",https://pbs.twimg.com/card_img/1721132282470187008/02NQ4jqC?format=jpg&name=240x240,,,
Top,#ProIsrael until:2023-10-14 since:2023-10-07,https://twitter.com/search?q=%23ProIsrael%20until%3A2023-10-14%20since%3A2023-10-07&src=typed_query&f=top,https://twitter.com/BHScanner/status/1712318174623121556,BHScanner,https://twitter.com/BHScanner,Oct 12,"PICO-ROBERTSON: This Sunday starting at 10:30 AM there is a Solidarity March for Israel, beginning at 9317 Pico Blvd (), marching to the Museum of Tolerance (Pico & Roxbury Dr.) #ProIsrael",,8,3,
Top,#ProIsrael until:2023-10-14 since:2023-10-07,https://twitter.com/search?q=%23ProIsrael%20until%3A2023-10-14%20since%3A2023-10-07&src=typed_query&f=top,https://twitter.com/glenthecreator/status/1712231533644271957,Glen Lucien,https://twitter.com/glenthecreator,Oct 11,#Biden is launching USA into #WorldWar3.People who're #ProIsrael and only care about the suffering of #Israelis but ignore #Palestinians really need to take a hard look in the mirror of how this started and the root causes for the conflict.#IsraelPalestineConflict #EndTheWars,,1,1,3
Top,#ProIsrael until:2023-10-14 since:2023-10-07,https://twitter.com/search?q=%23ProIsrael%20until%3A2023-10-14%20since%3A2023-10-07&src=typed_query&f=top,https://twitter.com/Airvooocht/status/1711468776460362156,Thorsten,https://twitter.com/Airvooocht,Oct 9,Hamas must be defeated as ISIS and Al Quaida were. #Israel_under_attack #ProIsrael,,3,,
Top,#ProIsrael until:2023-10-14 since:2023-10-07,https://twitter.com/search?q=%23ProIsrael%20until%3A2023-10-14%20since%3A2023-10-07&src=typed_query&f=top,https://twitter.com/digitaljournal/status/1711158511533457905,Digital Journal,https://twitter.com/digitaljournal,Oct 8,"#Palestinian supporters, #ProIsrael counter-protestors rally in #Manhattan ",https://pbs.twimg.com/media/F79Bkm2W8AA9iMc?format=jpg&name=small,,,
Top,#ProIsrael until:2023-10-14 since:2023-10-07,https://twitter.com/search?q=%23ProIsrael%20until%3A2023-10-14%20since%3A2023-10-07&src=typed_query&f=top,https://twitter.com/BarryRibs/status/1712171296853823775,Barry Ribs,https://twitter.com/BarryRibs,Oct 11,Terrorism must be vaporized and will #proisrael,,1,,
Top,#ProIsrael until:2023-10-14 since:2023-10-07,https://twitter.com/search?q=%23ProIsrael%20until%3A2023-10-14%20since%3A2023-10-07&src=typed_query&f=top,https://twitter.com/Debbiepaperman/status/1712507452741292499,Debbie Paperman ,https://twitter.com/Debbiepaperman,Oct 12,I’ve been so grateful to have a community of #Covid19 conscious people here on  twitter  But now so many (not all) seem to be  deeply anti #ISRAEL (#Antisemitic )  SO IF you are both #ProIsrael & #Covid cautious please speak up & share!#IStandWithIsrael #CovidIsNotOver,,2,1,
Top,#ProIsrael until:2023-10-14 since:2023-10-07,https://twitter.com/search?q=%23ProIsrael%20until%3A2023-10-14%20since%3A2023-10-07&src=typed_query&f=top,https://twitter.com/benreiss/status/1711800202338914400,Ben Reiss,https://twitter.com/benreiss,Oct 10,Full stop. That is all. #Jews #JewishLivesMatter #ProIsrael #prayforisrael,https://pbs.twimg.com/media/F8GJNlSbgAA1EGG?format=jpg&name=small,3,,3
Top,#ProIsrael until:2023-10-14 since:2023-10-07,https://twitter.com/search?q=%23ProIsrael%20until%3A2023-10-14%20since%3A2023-10-07&src=typed_query&f=top,https://twitter.com/Krushika_k/status/1712753548876829163,Krushika Kongalla,https://twitter.com/Krushika_k,Oct 13,You may be #proIsrael or #ProPalestinian but we should know this war can soon spread through the whole #MiddleEast today supporting #Palestine has become equivalent to supporting #Hamas is this happening in support of Palestinians or to remove #Israel from the map itself.,,,,
Top,#ProIsrael until:2023-10-14 since:2023-10-07,https://twitter.com/search?q=%23ProIsrael%20until%3A2023-10-14%20since%3A2023-10-07&src=typed_query&f=top,https://twitter.com/HungaryToday/status/1712103371140731223,Hungary Today,https://twitter.com/HungaryToday,Oct 11,"International #ProIsrael Summit Held in #Budapest: The summit, organized by the Center for #FundamentalRights, was particularly relevant due to the #war that broke out over the weekend.",,4,2,
